Date,SPDB,GBIA,DFA,CWTC,BC
2011/9/7,9.29,7.24,3.83,9.17,5.18
2011/9/8,9.26,7.51,3.8,9.17,5.2
2011/9/9,9.3,7.47,3.8,9.18,5.18
2011/9/13,9.15,7.28,3.75,9.23,5.09
2011/9/14,9.1,7.25,3.78,9.17,5.12
2011/9/15,8.95,7.22,3.79,9.18,5.13
2011/9/16,8.98,7.25,3.79,9.14,5.11
2011/9/19,8.81,7.09,3.71,9.01,5.02
2011/9/20,8.86,7.15,3.73,9,5.05
2011/9/21,9.09,7.3,3.81,9.16,5.19
2011/9/22,8.82,7.11,3.72,8.99,5.05
2011/9/23,8.73,7.2,3.69,9.02,5.1
2011/9/26,8.44,7.19,3.67,8.85,5.01
2011/9/27,8.52,7.25,3.73,8.8,5.06
2011/9/28,8.43,7.16,3.65,8.72,5.01
2011/9/29,8.45,7.14,3.58,8.8,4.93
2011/9/30,8.54,7.13,3.63,9.07,4.91
2011/10/10,8.42,7.08,3.65,9.01,4.89
2011/10/11,8.57,7.13,3.66,9.06,4.96
2011/10/12,8.85,7.28,3.76,9.25,5.09
2011/10/13,8.87,7.37,3.78,9.24,5.18
2011/10/14,8.83,7.34,3.82,9.27,5.14
2011/10/17,8.92,7.32,3.82,9.29,5.13
2011/10/18,8.78,7.18,3.74,8.99,4.93
2011/10/19,8.84,7.11,3.72,9.27,4.92
2011/10/20,8.73,6.98,3.63,9.17,4.86
2011/10/21,8.89,6.96,3.63,9.16,4.9
2011/10/24,9.16,7.1,3.69,9.67,4.97
2011/10/25,9.16,7.17,3.75,9.84,5.13
2011/10/26,9.18,7.24,3.8,9.8,5.13
2011/10/27,9.26,7.28,3.81,9.81,5.25
2011/10/28,9.38,7.31,3.84,9.9,5.54
2011/10/31,9.21,7.29,3.82,10.11,5.56
2011/11/1,9.18,7.29,3.8,10.01,5.45
2011/11/3,9.24,7.41,3.83,9.84,5.58
2011/11/4,9.31,7.4,3.85,9.94,5.58
2011/11/7,9.18,7.31,3.82,10.07,5.59
2011/11/8,9.21,7.28,3.79,9.8,5.49
2011/11/9,9.27,7.36,3.81,9.8,5.58
2011/11/10,9.05,7.26,3.73,9.74,5.68
2011/11/11,9.08,7.26,3.73,9.75,5.67
2011/11/14,9.21,7.34,3.79,9.91,5.74
2011/11/15,9.18,7.38,3.78,9.88,5.93
2011/11/16,8.92,7.2,3.69,10.17,5.82
2011/11/17,8.86,7.13,3.7,9.99,5.8
2011/11/18,8.8,7.09,3.63,9.99,5.55
2011/11/21,8.74,7.11,3.65,9.96,5.61
2011/11/22,8.75,7.09,3.63,9.91,5.61
2011/11/23,8.69,7.04,3.59,9.76,5.63
2011/11/24,8.7,7.05,3.59,9.74,5.62
2011/11/25,8.62,7.02,3.55,9.66,5.69
2011/11/28,8.6,7.06,3.55,9.71,5.81
2011/11/29,8.73,7.11,3.6,9.75,5.8
2011/11/30,8.5,6.89,3.45,9.86,5.5
2011/12/2,8.8,6.92,3.46,9.98,5.44
2011/12/5,8.8,6.85,3.35,9.72,5.41
2011/12/6,8.73,6.86,3.36,9.7,5.48
2011/12/7,8.78,6.84,3.38,9.7,5.49
2011/12/8,8.78,6.82,3.37,9.77,5.48
2011/12/9,8.7,6.81,3.35,9.7,5.54
2011/12/12,8.66,6.75,3.35,9.7,5.48
2011/12/13,8.58,6.6,3.24,9.42,5.39
2011/12/14,8.6,6.5,3.19,9.21,5
2011/12/15,8.49,6.4,3.09,9.15,4.76
2011/12/16,8.62,6.48,3.17,9.25,4.99
2011/12/19,8.61,6.39,3.19,9.21,5.11
2011/12/20,8.59,6.36,3.17,9.2,5.05
2011/12/21,8.53,6.3,3.13,9.1,4.98
2011/12/22,8.53,6.22,3.09,9.18,5.25
2011/12/23,8.54,6.21,3.12,9.12,5.44
2011/12/26,8.47,6.22,3.14,9.09,5.38
2011/12/27,8.44,6.14,3.09,9.09,5.23
2011/12/28,8.38,6.13,3.09,8.86,5.15
2011/12/29,8.35,6.12,3.1,8.97,5.14
2011/12/30,8.49,6.19,3.14,9.12,5.2
2012/1/4,8.41,6.22,3.09,8.95,4.96
2012/1/5,8.65,6.14,3.06,8.75,4.85
2012/1/6,8.71,6.21,3.06,8.81,4.98
2012/1/9,8.95,6.33,3.16,9.07,5.17
2012/1/10,9.07,6.46,3.27,9.2,5.28
2012/1/11,9,6.38,3.24,9.27,5.24
2012/1/12,9.09,6.38,3.22,9.18,5.25
2012/1/13,9.04,6.3,3.16,9.18,5.03
2012/1/16,8.97,6.31,3.12,9.05,4.97
2012/1/17,9.2,6.51,3.25,9.39,5.22
2012/1/18,9.04,6.46,3.2,9.25,5.14
2012/1/19,9.2,6.54,3.25,9.23,5.19
2012/1/20,9.42,6.57,3.27,9.26,5.28
2012/1/30,9.22,6.51,3.23,9.2,5.18
2012/1/31,9.22,6.46,3.2,9.15,5.22
2012/2/1,9.08,6.4,3.2,9.16,5.21
2012/2/2,9.4,6.5,3.24,9.21,5.27
2012/2/3,9.44,6.55,3.25,9.37,5.29
2012/2/6,9.39,6.56,3.25,9.32,5.28
2012/2/7,9.24,6.43,3.19,9.27,5.18
2012/2/8,9.45,6.56,3.25,9.46,5.26
2012/2/9,9.4,6.55,3.27,9.39,5.26
2012/2/10,9.37,6.56,3.3,9.64,5.35
2012/2/13,9.27,6.53,3.32,9.7,5.36
2012/2/14,9.19,6.53,3.25,9.65,5.46
2012/2/15,9.23,6.64,3.38,9.75,5.64
2012/2/16,9.19,6.62,3.35,9.75,5.59
2012/2/17,9.26,6.58,3.39,9.71,5.54
2012/2/20,9.26,6.59,3.38,9.83,5.46
2012/2/21,9.28,6.62,3.39,9.87,5.6
2012/2/22,9.32,6.7,3.43,9.88,5.65
2012/2/23,9.33,6.7,3.41,9.85,5.6
2012/2/24,9.51,6.8,3.46,10.01,5.68
2012/2/27,9.48,6.84,3.81,10.08,5.67
2012/2/28,9.66,6.81,4.03,10.1,5.66
2012/2/29,9.54,6.77,3.86,10.04,5.52
2012/3/1,9.55,6.78,3.83,9.93,5.54
2012/3/2,9.69,6.86,3.92,10.18,5.62
2012/3/5,9.58,6.83,3.85,10.28,5.55
2012/3/6,9.44,6.75,3.75,10.21,5.43
2012/3/7,9.34,6.72,3.76,10.09,5.42
2012/3/8,9.46,6.77,3.78,10.25,5.46
2012/3/9,9.47,6.84,3.78,10.29,5.52
2012/3/12,9.38,6.83,3.77,10.25,5.51
2012/3/13,9.47,6.9,3.77,10.29,5.57
2012/3/14,9.36,6.71,3.62,9.94,5.3
2012/3/15,9.19,6.74,3.52,9.79,5.25
2012/3/16,9.25,7,3.57,10,5.35
2012/3/19,9.28,7.02,3.58,10.72,5.35
2012/3/20,9.12,6.9,3.53,10.42,5.21
2012/3/21,9.08,7.02,3.51,10.6,5.3
2012/3/23,9.06,6.96,3.44,10.42,5.19
2012/3/26,9.13,6.96,3.45,10.53,5.2
2012/3/27,9.12,6.95,3.47,10.46,5.18
2012/3/28,8.97,6.79,3.32,10.16,5.03
2012/3/29,8.87,6.67,3.26,10.3,4.96
2012/3/30,8.93,6.74,3.3,10.21,4.92
2012/4/5,8.93,6.9,3.37,10.53,5.03
2012/4/6,8.94,6.88,3.46,10.56,5.01
2012/4/9,8.84,6.88,3.39,10.44,4.94
2012/4/10,8.92,6.96,3.43,10.53,4.98
2012/4/11,8.89,7.02,3.43,10.53,5.02
2012/4/12,9.12,7.08,3.48,10.6,5.13
2012/4/16,9.06,7.01,3.53,10.52,5.11
2012/4/17,8.93,6.96,3.48,10.41,5.12
2012/4/18,9.12,7.1,3.56,10.57,5.26
2012/4/19,9.12,7.12,3.62,10.49,5.26
2012/4/20,9.31,7.09,3.64,10.62,5.29
2012/4/23,9.24,7.06,3.58,11,5.23
2012/4/24,9.38,7.08,3.51,10.81,5.14
2012/4/26,9.37,7.08,3.54,11.02,5.4
2012/4/27,9.41,7.06,3.48,10.97,5.42
2012/5/2,9.56,7.2,3.59,10.95,5.52
2012/5/3,9.46,7.22,3.57,11,5.44
2012/5/4,9.49,7.33,3.59,10.92,5.49
2012/5/7,9.42,7.44,3.63,11.1,5.59
2012/5/8,9.36,7.39,3.59,10.98,5.5
2012/5/9,9.2,7.25,3.49,10.91,5.4
2012/5/10,9.16,7.3,3.47,11.09,5.38
2012/5/11,9.16,7.29,3.44,11.19,5.39
2012/5/15,9.04,7.31,3.43,10.94,5.29
2012/5/16,8.91,7.23,3.38,10.86,5.21
2012/5/17,8.97,7.38,3.44,10.96,5.33
2012/5/18,8.86,7.28,3.42,10.82,5.29
2012/5/21,8.87,7.15,3.41,10.79,5.31
2012/5/22,8.96,7.23,3.45,10.84,5.35
2012/5/23,8.89,7.16,3.51,10.72,5.4
2012/5/24,8.85,7.1,3.43,10.67,5.22
2012/5/25,8.79,7.04,3.44,10.66,5.23
2012/5/28,8.87,7.11,3.55,10.73,5.3
2012/5/29,8.95,7.18,3.62,10.84,5.35
2012/5/30,8.82,7.12,3.56,10.8,5.52
2012/5/31,8.77,7.09,3.52,10.77,5.53
2012/6/1,8.78,7.08,3.51,10.76,5.34
2012/6/4,8.59,6.87,3.38,10.34,5.13
2012/6/5,8.56,6.91,3.4,10.39,5.12
2012/6/6,8.62,6.92,3.39,10.35,5.17
2012/6/7,8.56,6.86,3.36,10.43,5.13
2012/6/8,8.34,6.9,3.34,10.49,5.08
2012/6/11,8.34,6.95,3.39,10.64,5.22
2012/6/12,8.29,6.9,3.35,10.67,5.1
2012/6/14,8.27,6.94,3.4,10.73,5.07
2012/6/15,8.47,6.95,3.42,10.74,5.22
2012/6/18,8.46,7,3.38,10.75,5.21
2012/6/19,8.49,6.91,3.34,10.59,5.11
2012/6/20,8.5,6.89,3.33,10.55,5.09
2012/6/21,8.44,6.85,3.3,10.43,5.01
2012/6/26,8.06,6.79,3.22,10.33,4.86
2012/6/27,8.05,6.79,3.21,10.35,4.88
2012/6/28,8.01,6.76,3.13,10.41,4.84
2012/6/29,8.13,6.81,3.15,10.4,4.89
2012/7/2,8.09,6.85,3.1,10.58,4.92
2012/7/3,8.09,6.9,3.1,10.64,4.91
2012/7/4,8.12,6.97,3.1,10.5,4.88
2012/7/5,8.07,6.86,3.06,10.49,4.87
2012/7/6,7.97,6.95,3.12,10.72,4.88
2012/7/9,7.67,6.81,3.03,10.54,4.74
2012/7/10,7.7,6.78,3.05,10.45,4.67
2012/7/11,7.71,6.79,3.06,10.4,4.64
2012/7/12,7.67,6.81,3.06,10.38,4.66
2012/7/13,7.73,6.82,3.04,10.4,4.64
2012/7/16,7.63,6.7,3,10.15,4.46
2012/7/17,7.69,6.63,3.02,10.24,4.5
2012/7/18,7.67,6.65,3.04,9.97,4.5
2012/7/19,7.69,6.86,3.06,10.04,4.57
2012/7/20,7.61,6.84,3.04,10.02,4.59
2012/7/23,7.45,6.83,3.01,9.87,4.65
2012/7/24,7.46,6.84,3.02,10.05,4.6
2012/7/25,7.41,6.35,3.02,9.95,4.69
2012/7/26,7.4,6.23,3.01,9.97,4.61
2012/7/27,7.49,6.31,2.99,9.91,4.54
2012/7/30,7.56,6.27,2.99,9.91,4.56
2012/7/31,7.66,6.27,2.9,9.92,4.46
2012/8/1,7.65,6.32,2.92,10.09,4.47
2012/8/2,7.75,6.27,2.89,10.11,4.43
2012/8/3,7.74,6.32,2.91,10.17,4.5
2012/8/6,7.72,6.4,2.96,10.3,4.56
2012/8/7,7.69,6.45,2.98,10.27,4.66
2012/8/8,7.73,6.45,2.98,10.2,4.6
2012/8/9,7.75,6.49,3.01,10.22,4.62
2012/8/10,7.8,6.49,3.01,10.2,4.57
2012/8/13,7.75,6.36,2.92,10.21,4.46
2012/8/14,7.8,6.4,2.93,10.18,4.5
2012/8/15,7.58,6.35,2.93,10.08,4.45
2012/8/16,7.53,6.33,2.91,10.02,4.44
2012/8/17,7.55,6.35,2.91,10.16,4.44
2012/8/20,7.52,6.35,2.9,10.15,4.41
2012/8/21,7.51,6.39,2.9,10.26,4.49
2012/8/22,7.52,6.36,2.88,10.12,4.48
2012/8/23,7.52,6.35,2.9,10.12,4.48
2012/8/24,7.49,6.28,2.85,10,4.4
2012/8/27,7.4,6.15,2.78,9.83,4.35
2012/8/28,7.6,6.23,2.81,9.92,4.33
2012/8/29,7.55,6.35,2.77,9.88,4.26
2012/8/30,7.61,6.36,2.75,10.15,4.22
2012/8/31,7.61,6.47,2.77,10.2,4.28
2012/9/3,7.58,6.5,2.78,10.24,4.3
2012/9/4,7.46,6.39,2.75,9.98,4.22
2012/9/5,7.32,6.45,2.74,9.93,4.23
2012/9/6,7.38,6.52,2.76,10.08,4.28
2012/9/7,7.6,6.66,2.88,10.35,4.47
2012/9/10,7.56,6.63,2.89,10.27,4.45
2012/9/11,7.49,6.59,2.87,10.31,4.42
2012/9/12,7.48,6.62,2.86,10.3,4.44
2012/9/13,7.45,6.58,2.84,10.24,4.36
2012/9/14,7.52,6.63,2.87,10.23,4.36
2012/9/17,7.41,6.47,2.75,10.06,4.22
2012/9/18,7.35,6.48,2.74,10.02,4.2
2012/9/19,7.34,6.55,2.75,10.03,4.22
2012/9/20,7.23,6.47,2.7,9.98,4.09
2012/9/21,7.21,6.41,2.69,9.98,4.06
2012/9/24,7.17,6.5,2.66,10.04,4.03
2012/9/25,7.16,6.47,2.64,9.93,4.02
2012/9/26,7.11,6.41,2.64,9.93,3.95
2012/9/27,7.32,6.52,2.72,10.03,4.02
2012/9/28,7.38,6.75,2.77,10.49,4.1
2012/10/8,7.32,6.69,2.74,10.33,4.05
2012/10/9,7.45,6.81,2.78,10.51,4.13
2012/10/10,7.44,6.74,2.89,10.52,4.17
2012/10/11,7.41,6.75,2.82,10.46,4.11
2012/10/12,7.45,6.79,2.8,10.43,4.12
2012/10/15,7.41,6.76,2.78,10.42,4.09
2012/10/16,7.46,6.84,2.77,10.5,4.08
2012/10/17,7.55,6.86,2.79,10.5,4.05
2012/10/18,7.62,6.88,2.85,10.57,4.12
2012/10/19,7.58,6.79,2.84,10.69,4.23
2012/10/22,7.65,6.78,2.86,10.67,4.3
2012/10/23,7.57,6.72,3.06,10.56,4.22
2012/10/24,7.59,6.62,3.37,10.52,4.18
2012/10/25,7.53,6.57,3.17,10.52,4.16
2012/10/26,7.46,6.49,3.06,10.21,4.06
2012/10/29,7.47,6.54,3.07,10.21,4.03
2012/10/30,7.48,6.56,2.98,10.32,4.07
2012/10/31,7.51,6.59,2.94,10.26,4.1
2012/11/1,7.64,6.66,2.99,10.38,4.15
2012/11/2,7.68,6.71,2.95,10.45,4.17
2012/11/5,7.73,6.7,2.91,10.52,4.17
2012/11/6,7.68,6.71,2.95,10.49,4.13
2012/11/7,7.69,6.71,2.9,10.39,4.14
2012/11/8,7.54,6.57,2.79,10.31,4.05
2012/11/9,7.53,6.56,2.77,10.34,4.03
2012/11/12,7.63,6.63,2.81,10.41,4.14
2012/11/13,7.49,6.59,2.75,10.34,4.08
2012/11/14,7.5,6.55,2.78,10.36,4.11
2012/11/15,7.42,6.37,2.71,10.21,4.07
2012/11/16,7.36,6.43,2.7,10.25,4.12
2012/11/19,7.37,6.54,2.7,10.35,4.25
2012/11/20,7.35,6.45,2.69,10.32,4.16
2012/11/21,7.47,6.53,2.74,10.45,4.2
2012/11/22,7.44,6.51,2.74,10.44,4.17
2012/11/23,7.51,6.55,2.73,10.48,4.19
2012/11/26,7.47,6.51,2.7,10.25,4.16
2012/11/27,7.46,6.41,2.63,10.14,4
2012/11/28,7.44,6.42,2.64,9.98,3.95
2012/11/29,7.41,6.38,2.63,10.07,3.84
2012/11/30,7.46,6.44,2.68,10.19,3.92
2012/12/3,7.35,6.46,2.64,10.06,3.93
2012/12/4,7.43,6.52,2.75,9.99,3.98
2012/12/5,7.88,6.66,2.81,10.26,4.08
2012/12/6,7.89,6.62,2.77,10.26,4.07
2012/12/7,8.26,6.7,2.81,10.35,4.15
2012/12/10,8.33,6.74,2.84,10.3,4.17
2012/12/11,8.28,6.67,2.79,10.32,4.11
2012/12/12,8.4,6.69,2.79,10.34,4.14
2012/12/13,8.29,6.64,2.77,10.18,4.07
2012/12/14,8.9,6.85,2.86,10.54,4.21
2012/12/17,9.07,6.91,2.87,10.9,4.22
2012/12/18,9.14,6.85,2.88,10.87,4.22
2012/12/19,9.05,6.87,3.05,10.85,4.2
2012/12/20,9.06,6.94,2.95,10.87,4.18
2012/12/21,8.97,7.05,2.95,10.78,4.17
2012/12/24,9.09,7.02,2.99,10.79,4.2
2012/12/25,9.45,7.08,3.01,11,4.28
2012/12/26,9.46,7.07,3,11.4,4.37
2012/12/27,9.39,6.98,2.97,11.22,4.3
2012/12/28,9.59,7.04,2.98,11.3,4.3
2012/12/31,9.92,7.09,2.99,11.49,4.37
2013/1/4,10.02,7.08,3,11.37,4.32
2013/1/7,10.32,7.09,2.99,11.66,4.31
2013/1/8,10.12,7.11,2.97,11.69,4.35
2013/1/9,10.14,7.07,3,11.55,4.39
2013/1/10,10.04,7.04,3.01,11.49,4.36
2013/1/11,9.82,6.95,2.93,11.22,4.28
2013/1/14,10.35,7.11,2.99,11.41,4.41
2013/1/15,10.33,7.15,3.06,11.63,4.64
2013/1/16,10.12,7.14,3.03,11.55,4.57
2013/1/17,10.03,7.31,3.01,11.45,4.49
2013/1/18,10.16,7.29,3.03,11.55,4.56
2013/1/21,10.4,7.48,3.06,11.89,4.57
2013/1/22,10.48,7.43,3.02,11.5,4.48
2013/1/23,10.6,7.35,3,11.46,4.52
2013/1/24,10.61,7.21,2.97,11.26,4.4
2013/1/25,10.66,7.23,3.08,11.17,4.38
2013/1/28,11.18,7.57,3.39,11.39,4.47
2013/1/29,11.3,7.51,3.32,11.52,4.5
2013/1/30,11.24,7.65,3.25,11.54,4.5
2013/1/31,11.48,7.58,3.19,11.36,4.54
2013/2/1,11.95,7.58,3.2,11.34,4.56
2013/2/4,12.07,7.63,3.24,11.41,4.46
2013/2/5,11.87,7.61,3.23,11.62,4.51
2013/2/6,12,7.68,3.23,11.35,4.5
2013/2/7,11.43,7.7,3.18,11.33,4.5
2013/2/8,11.34,7.73,3.24,11.5,4.54
2013/2/18,11.26,7.7,3.32,11.8,4.63
2013/2/19,11.1,7.56,3.23,11.89,4.61
2013/2/20,10.81,7.67,3.25,11.92,5.07
2013/2/21,10.22,7.43,3.15,11.96,5.06
2013/2/22,10.14,7.39,3.12,12.18,5.12
2013/2/25,10.32,7.45,3.13,11.9,5.63
2013/2/26,10.33,7.31,3.1,11.58,5.46
2013/2/27,10.39,7.29,3.09,11.48,5.55
2013/2/28,11.06,7.45,3.14,11.67,5.55
2013/3/1,11.17,7.44,3.14,12.01,6.11
2013/3/4,10.39,7.26,3.04,11.5,6.72
2013/3/5,11.07,7.33,3.07,11.55,7.1
2013/3/6,11.11,7.46,3.12,11.6,7.2
2013/3/7,10.76,7.37,3.09,11.3,6.68
2013/3/8,10.71,7.41,3.11,11.35,6.72
2013/3/11,10.47,7.44,3.08,11.5,7.04
2013/3/12,10.29,7.29,3.03,11.33,6.91
2013/3/13,10.25,7.18,2.99,11.34,6.63
2013/3/14,10.45,7.11,3,11.48,6.51
2013/3/15,10.51,7.07,2.99,11.45,6.53
2013/3/18,10.48,7.05,2.91,11.3,6.91
2013/3/19,10.65,7.08,2.92,11.38,6.85
2013/3/20,11.19,7.19,3.03,11.6,7.11
2013/3/21,11.1,7.19,3.01,11.59,7.82
2013/3/22,11.06,7.12,2.99,11.65,7.8
2013/3/25,11.04,7.14,2.99,11.72,8.11
2013/3/26,10.7,7.09,2.95,11.65,8.14
2013/3/27,10.76,7.06,2.96,11.72,8.18
2013/3/28,10.02,6.89,2.87,11.37,7.83
2013/3/29,10.13,6.91,2.86,11.37,7.78
2013/4/1,10.05,6.92,2.89,11.34,8.07
2013/4/2,10.03,6.91,2.88,11.03,7.8
2013/4/3,10.06,6.9,2.86,11.11,7.42
2013/4/8,9.92,6.73,2.84,11.14,7.52
2013/4/9,10.04,6.81,2.88,11.22,7.47
2013/4/10,10,6.79,2.9,11.22,7.22
2013/4/11,10.02,6.81,2.94,11.11,7.36
2013/4/12,9.94,6.75,2.88,11.07,7.12
2013/4/15,9.83,6.81,2.87,10.85,7.05
2013/4/16,9.74,6.86,2.9,10.87,7.17
2013/4/17,9.59,6.83,2.88,10.52,7.29
2013/4/18,9.63,6.78,2.92,10.51,7.7
2013/4/19,10.14,6.9,2.95,10.74,7.91
2013/4/22,10.22,6.97,2.95,10.67,7.83
2013/4/23,9.84,6.85,2.87,10.47,7.52
2013/4/24,10.03,6.91,2.9,10.63,7.95
2013/4/25,9.91,6.92,2.91,10.58,7.64
2013/4/26,9.88,6.86,2.96,10.41,7.36
2013/5/2,9.82,6.88,2.9,10.49,7.35
2013/5/3,10.01,6.96,2.94,10.69,7.57
2013/5/6,10.13,7,3,10.74,7.68
2013/5/7,10.06,6.99,3.1,10.73,7.74
2013/5/8,10.05,6.93,3.08,10.84,7.66
2013/5/9,9.97,6.82,3.08,10.76,7.75
2013/5/10,10.03,6.83,3.39,10.81,7.7
2013/5/13,10.02,6.84,3.73,10.63,7.61
2013/5/15,9.99,6.79,3.49,10.6,7.51
2013/5/16,10.15,6.86,3.41,10.81,7.53
2013/5/17,10.24,6.93,3.39,10.92,7.47
2013/5/20,10.41,6.98,3.41,11.07,7.7
2013/5/21,10.34,7.02,3.37,11.04,8.47
2013/5/22,10.36,6.97,3.43,11,8.4
2013/5/23,10.15,6.91,3.31,10.9,8.12
2013/5/24,10.2,6.95,3.34,10.95,8.24
2013/5/27,10.29,6.95,3.36,10.94,8.34
2013/5/28,10.55,7.02,3.36,11.09,8.22
2013/5/29,10.52,7.03,3.44,11.13,8.27
2013/5/30,10.54,7.02,3.39,11.08,8.24
2013/5/31,10.47,7.05,3.34,11.21,8.37
2013/6/3,9.84,7.13,3.28,11.39,8.07
2013/6/4,9.74,7.05,3.22,11.18,7.92
2013/6/5,9.65,6.99,3.23,11.15,7.87
2013/6/6,9.45,6.91,3.23,11.2,7.7
2013/6/7,9.35,6.89,3.15,11,7.39
2013/6/13,9.02,6.72,3.04,10.39,7.17
2013/6/14,9.02,6.74,3.07,10.51,7.35
2013/6/17,9.01,6.74,3.07,10.54,7.3
2013/6/18,9.07,6.75,3.11,10.4,7.38
2013/6/19,8.89,6.64,3.07,10.37,7.18
2013/6/20,8.42,6.54,2.99,10.02,6.77
2013/6/21,8.28,6.55,2.94,10.04,6.58
2013/6/24,7.52,6.25,2.75,9.42,5.93
2013/6/25,7.8,6.25,2.75,9.09,6.08
2013/6/26,7.77,6.22,2.77,9.08,6.29
2013/6/27,7.88,6.27,2.75,9.17,6.46
2013/6/28,8.28,6.29,2.77,9.23,6.38
2013/7/1,8.17,6.31,2.83,9.2,6.46
2013/7/2,8.15,6.3,2.84,9.4,6.55
2013/7/3,8.04,6.27,2.78,9.23,6.43
2013/7/4,8.12,6.3,2.8,9.24,6.39
2013/7/5,8.11,6.31,2.81,9.32,6.36
2013/7/8,7.91,6.14,2.69,8.92,5.97
2013/7/9,7.92,6.17,2.73,9.01,5.97
2013/7/10,8.11,6.33,2.78,9.17,6.26
2013/7/11,8.86,6.5,2.84,9.43,6.5
2013/7/12,8.49,6.42,2.79,9.38,6.54
2013/7/15,8.56,6.46,2.85,9.47,6.64
2013/7/16,8.54,6.51,2.88,9.49,6.72
2013/7/17,8.45,6.46,2.84,9.45,6.53
2013/7/18,8.2,6.42,2.86,9.36,6.33
2013/7/19,8.03,6.32,2.76,9.28,6.09
2013/7/22,7.95,6.38,2.76,9.22,6.42
2013/7/23,8.14,6.48,2.8,9.39,6.58
2013/7/24,8,6.45,2.81,9.33,7.24
2013/7/25,8.02,6.46,2.78,9.26,7.2
2013/7/26,7.97,6.05,2.77,9.21,7.19
2013/7/29,7.74,5.97,2.71,8.96,6.83
2013/7/30,7.84,5.98,2.74,9.01,6.84
2013/7/31,7.86,6.03,2.73,9.06,7.01
2013/8/1,7.99,6.09,2.78,9.17,7.24
2013/8/2,7.98,6.1,2.78,9.28,7.1
2013/8/5,8.06,6.13,2.84,9.27,7.1
2013/8/6,8.03,6.15,2.92,9.29,7.14
2013/8/7,8.01,6.15,2.86,9.25,7.22
2013/8/8,7.99,6.13,2.86,9.26,7.18
2013/8/9,8.01,6.15,2.85,9.34,7.13
2013/8/12,8.31,6.22,2.92,10.27,7.29
2013/8/13,8.42,6.25,2.92,10.2,7.28
2013/8/21,8.45,6.17,2.88,9.92,7.29
2013/8/22,8.44,6.18,2.87,9.83,7.07
2013/8/23,8.42,6.16,2.89,9.79,6.9
2013/8/26,8.74,6.29,2.97,9.87,7.01
2013/8/27,8.95,6.33,2.99,10.04,6.98
2013/8/28,9,6.4,2.95,9.99,6.79
2013/8/29,8.92,6.48,2.95,9.99,6.76
2013/8/30,8.99,6.77,2.95,10.99,6.52
2013/9/2,8.97,6.53,2.99,10.7,6.66
2013/9/3,9.09,6.8,3.04,10.51,6.81
2013/9/4,9.14,6.79,3.01,11.56,6.7
2013/9/5,9.13,6.59,2.99,11.76,6.67
2013/9/6,9.57,6.74,3.04,12.94,6.86
2013/9/9,10.53,7.01,3.07,13.12,6.91
2013/9/10,11.4,7.52,3.12,13.22,7.03
2013/9/11,11.27,7.23,3.15,12.41,7.07
2013/9/12,12.25,7.25,3.21,12.45,7
2013/9/13,11.91,7.17,3.12,12.26,6.98
2013/9/16,11.49,7.19,3.12,12.11,7.11
2013/9/17,10.83,6.93,3.03,11.58,6.97
2013/9/18,11,6.94,3.07,11.8,7.12
2013/9/23,11.18,7.01,3.11,12.27,7.24
2013/9/24,10.81,6.97,3.05,11.94,7.19
2013/9/25,10.78,6.88,3.02,11.76,7.01
2013/9/26,10.17,6.74,2.94,11.08,6.84
2013/9/27,10.24,6.74,2.96,11.11,6.85
2013/9/30,10.09,6.77,3.02,11.27,6.92
2013/10/8,10.23,6.83,3.03,11.67,7.23
2013/10/9,10.27,6.98,3.07,11.69,7.28
2013/10/10,9.98,6.86,3.04,11.52,7.12
2013/10/11,10.55,6.99,3.1,11.73,7.24
2013/10/14,10.29,7.02,3.11,12.09,7.47
2013/10/15,10.11,7.07,3.09,11.95,7.29
2013/10/16,9.91,6.86,3.02,11.41,7.28
2013/10/17,9.82,6.84,3.14,11.41,7.9
2013/10/18,9.88,6.87,3.07,11.24,7.58
2013/10/21,10.12,6.95,3.13,11.41,7.84
2013/10/22,9.93,6.87,3.12,11.13,7.78
2013/10/23,10.02,6.75,3.07,10.92,7.57
2013/10/24,9.98,6.72,3.09,10.91,7.36
2013/10/25,10.07,6.65,3.03,10.8,7.42
2013/10/28,10.15,6.68,3.02,11.26,7.25
2013/10/29,10.48,6.6,2.96,10.56,6.95
2013/10/30,10.59,6.76,3.01,10.65,7.09
2013/10/31,10.33,6.97,2.98,10.54,6.94
2013/11/1,10.42,6.94,2.98,10.37,7.07
2013/11/4,10.3,6.91,2.96,10.32,7.25
2013/11/5,10.2,6.92,2.96,10.6,7.3
2013/11/6,10.03,6.85,2.93,10.48,7.19
2013/11/7,10.05,6.78,2.91,10.09,7.14
2013/11/8,9.98,6.71,2.88,10.11,7.05
2013/11/11,9.97,6.72,2.87,10.03,7.19
2013/11/12,10.12,6.75,2.9,10.15,7.22
2013/11/13,9.64,6.68,2.85,9.96,6.99
2013/11/14,9.49,6.72,2.88,10.15,6.93
2013/11/15,9.68,6.81,2.91,10.36,7.15
2013/11/18,10.1,6.95,2.94,10.69,7.4
2013/11/19,9.97,6.91,2.92,10.6,7.41
2013/11/20,10.05,6.98,2.95,10.69,7.48
2013/11/21,10.07,7.09,2.94,10.83,7.48
2013/11/22,10.06,7.09,2.93,10.72,7.36
2013/11/25,9.93,7.17,2.94,10.63,7.3
2013/11/26,9.9,7.07,2.92,10.63,7.3
2013/11/27,9.93,7.1,2.94,10.69,7.41
2013/11/28,9.96,7.13,2.97,10.82,7.37
2013/11/29,9.99,7.13,2.98,10.87,7.55
2013/12/2,10.32,6.95,2.92,10.5,7.15
2013/12/3,10.26,7.08,2.94,10.52,7.27
2013/12/4,10.4,7.21,2.97,11.38,7.39
2013/12/5,10.35,7.16,3.27,11.1,7.4
2013/12/6,10.22,7.14,3.21,11.05,7.39
2013/12/9,10.11,7.14,3.13,11.08,7.5
2013/12/10,10.14,7.2,3.11,11.05,7.46
2013/12/11,9.93,7.24,3.06,11.08,7.5
2013/12/12,9.88,7.35,3.06,11.16,7.45
2013/12/13,9.83,7.3,3.12,11.45,7.43
2013/12/16,9.74,7.17,3.06,11.17,7.22
2013/12/17,9.69,7.23,3.01,11.15,7.09
2013/12/18,9.71,7.03,3.06,11.05,7.08
2013/12/19,9.61,7.05,2.98,10.71,6.75
2013/12/20,9.36,6.92,2.92,10.35,6.65
2013/12/23,9.34,6.83,2.92,10.42,6.73
2013/12/24,9.34,7.11,2.94,10.47,6.81
2013/12/25,9.27,7.14,2.94,10.56,6.85
2013/12/26,9.09,6.92,2.87,10.44,6.67
2013/12/27,9.24,7.03,2.89,10.58,6.77
2013/12/30,9.2,6.99,2.89,10.48,6.78
2013/12/31,9.43,6.95,2.91,10.61,6.76
2014/1/2,9.33,6.94,2.9,10.54,6.73
2014/1/3,9.14,6.88,2.87,10.27,6.67
2014/1/6,9.19,6.75,2.79,10,6.36
2014/1/7,9.14,6.7,2.8,10.08,6.36
2014/1/8,9.2,6.74,2.78,10.02,6.34
2014/1/9,9.29,6.66,2.76,9.94,6.29
2014/1/10,9.41,6.57,2.72,9.73,6.07
2014/1/13,9.39,6.5,2.7,9.51,5.95
2014/1/14,9.4,6.62,2.89,9.63,6.12
2014/1/15,9.23,6.6,2.92,9.64,6.15
2014/1/16,9.18,6.64,2.85,9.69,6.21
2014/1/17,9.12,6.6,2.8,9.55,6.08
2014/1/20,9.07,6.55,2.79,9.45,6.17
2014/1/21,9.16,6.61,2.82,9.6,6.31
2014/1/22,9.34,6.75,2.87,10.17,6.4
2014/1/23,9.22,6.75,2.88,10,6.39
2014/1/24,9.23,6.78,2.89,10.12,6.41
2014/1/27,9.12,6.73,2.89,10,6.29
2014/1/28,9.19,6.74,2.89,10,6.39
2014/1/29,9.29,6.75,2.89,9.99,6.35
2014/1/30,9.17,6.72,2.86,9.98,6.23
2014/2/7,9.18,6.69,2.89,9.99,6.43
2014/2/10,9.29,6.82,3,10.23,6.66
2014/2/11,9.54,6.83,2.96,10.25,7.1
2014/2/12,9.5,7,2.99,10.25,7.15
2014/2/13,9.6,7.13,3.09,10.35,7.06
2014/2/14,9.59,7.14,3.07,10.35,7.13
2014/2/17,9.52,7.11,3.12,10.41,7.18
2014/2/18,9.26,7.06,3.08,10.16,7.14
2014/2/19,9.49,7.1,3.15,10.37,7.17
2014/2/20,9.39,7.1,3.24,10.13,7.09
2014/2/21,9.29,6.98,3.14,9.99,6.9
2014/2/24,9.01,7.17,3.05,9.82,6.93
2014/2/25,8.83,7.03,3.01,9.51,6.64
2014/2/26,8.85,6.99,3.06,9.61,6.83
2014/2/27,8.94,6.96,3.03,9.76,6.68
2014/2/28,8.91,7.07,3.07,9.77,6.73
2014/3/3,8.85,7.14,3.1,9.75,7.16
2014/3/4,8.87,7.11,3.08,9.8,7.11
2014/3/5,8.7,7.04,3.13,9.82,7.04
2014/3/6,8.8,7.04,3.11,9.85,7.04
2014/3/7,8.73,7,3.07,9.84,6.86
2014/3/10,8.44,6.73,2.93,9.5,6.69
2014/3/11,8.46,6.72,2.95,9.47,6.69
2014/3/12,8.56,6.66,2.93,9.47,6.6
2014/3/13,8.84,6.72,2.95,9.52,6.61
2014/3/14,8.99,6.7,2.94,9.46,6.51
2014/3/18,8.89,6.76,3.05,9.56,6.72
2014/3/19,9.05,6.78,3.04,9.52,6.63
2014/3/20,8.99,6.67,2.98,9.2,6.69
2014/3/21,9.89,6.84,3.05,9.45,6.84
2014/3/24,9.8,6.92,3.08,9.88,6.89
2014/3/25,9.75,6.92,3.09,9.9,6.87
2014/3/26,9.58,6.9,3.17,9.71,6.86
2014/3/27,9.69,6.92,3.1,9.82,6.68
2014/3/28,9.67,7.01,3.07,9.55,6.56
2014/3/31,9.72,7.01,3.03,9.54,6.6
2014/4/1,9.73,6.98,3.05,9.72,6.66
2014/4/2,9.94,7.02,3.07,9.81,6.85
2014/4/3,9.67,6.95,3.04,9.68,6.65
2014/4/4,9.73,6.98,3.1,9.68,6.67
2014/4/8,10.14,7.05,3.12,9.7,6.75
2014/4/9,10.1,7.02,3.11,9.81,6.8
2014/4/10,10.23,7.08,3.13,9.79,6.81
2014/4/11,10.25,7.09,3.11,9.83,6.75
2014/4/14,10.12,7.04,3.12,9.84,6.84
2014/4/15,9.85,7,3.09,9.78,6.76
2014/4/16,9.9,6.99,3.08,9.8,6.73
2014/4/17,9.76,7.01,3.06,9.83,6.8
2014/4/18,9.78,7.05,3.07,9.67,6.74
2014/4/21,9.71,6.89,3.02,9.46,6.51
2014/4/22,9.9,6.9,3.03,9.28,6.47
2014/4/23,9.88,6.88,3.02,9.28,6.43
2014/4/24,9.87,7,3.01,9.33,6.44
2014/4/25,9.84,6.89,2.96,9.99,6.33
2014/4/28,9.67,6.77,2.91,10.51,6.27
2014/4/29,9.8,6.84,2.93,10.13,6.47
2014/4/30,9.77,6.9,2.99,10.25,6.44
2014/5/5,9.74,6.95,3,9.88,6.41
2014/5/6,9.7,6.99,2.99,9.81,6.42
2014/5/7,9.66,6.94,2.95,10.3,6.26
2014/5/8,9.75,6.94,2.95,10.44,6.23
2014/5/9,9.76,6.85,2.97,10.27,6.27
2014/5/12,9.93,6.96,3.04,10.31,6.4
2014/5/13,9.9,7.02,3.02,10.67,6.35
2014/5/14,9.81,6.98,3.02,10.29,6.35
2014/5/15,9.73,6.95,2.97,10.07,6.29
2014/5/16,9.75,6.98,3,10.18,6.28
2014/5/19,9.52,6.91,2.98,9.98,6.2
2014/5/20,9.55,6.92,2.99,9.92,6.2
2014/5/21,9.6,7.02,3,10.12,6.04
2014/5/22,9.6,6.99,2.99,9.99,6.08
2014/5/23,9.7,7.05,3,10.13,6.11
2014/5/26,9.74,7.04,3.05,10.29,6.15
2014/5/27,9.66,6.99,3.04,10.09,6.1
2014/5/28,9.68,7.03,3.05,10.17,6.14
2014/5/29,9.62,6.94,3.02,9.96,6.12
2014/5/30,9.57,6.98,3.01,9.98,6.09
2014/6/3,9.54,6.96,3.01,9.87,6.09
2014/6/4,9.45,6.86,2.97,9.68,6.14
2014/6/5,9.62,6.91,2.99,9.78,6.15
2014/6/6,9.51,6.9,3,9.6,6.13
2014/6/9,9.54,6.87,2.98,9.6,6.08
2014/6/10,9.63,6.93,2.99,9.71,6.13
2014/6/11,9.59,6.93,2.99,9.75,6.3
2014/6/12,9.54,6.9,2.97,9.75,6.2
2014/6/13,9.73,6.98,2.98,9.8,6.23
2014/6/16,9.81,6.97,2.99,9.72,6.25
2014/6/17,9.73,6.94,2.98,9.78,6.3
2014/6/18,9.73,6.92,2.97,9.62,6.11
2014/6/19,9.64,6.83,2.92,9.44,6.05
2014/6/20,9.7,6.86,2.9,9.52,6.1
2014/6/23,9.66,6.91,2.95,9.54,6.08
2014/6/24,9.04,6.93,2.95,9.59,6.09
2014/6/25,8.98,6.99,2.94,9.6,6.07
2014/6/26,8.99,7,2.95,9.54,6.1
2014/6/27,8.97,7.01,2.97,9.55,6.1
2014/6/30,9.05,7.04,2.98,9.66,6.18
2014/7/1,9.06,7.05,2.99,9.68,6.17
2014/7/2,9.06,7.08,3,9.7,6.18
2014/7/3,9.07,7.11,3.07,9.75,6.19
2014/7/4,9.07,7.11,3.04,9.69,6.19
2014/7/7,9.05,7.08,3.06,9.94,6.11
2014/7/8,9.05,7.11,3.05,9.91,6.17
2014/7/9,8.92,7.01,3,9.74,6.08
2014/7/10,8.92,7.05,3.02,9.73,6.05
2014/7/11,8.94,7.11,3.04,9.88,6.08
2014/7/14,9,7.2,3.16,9.95,6.15
2014/7/15,9.01,7.17,3.12,9.89,6.13
2014/7/16,9.02,7.19,3.12,9.79,6.12
2014/7/17,8.99,7.3,3.07,9.85,6.08
2014/7/18,9.02,7.3,3.08,9.83,6.09
2014/7/21,8.98,7.17,3.09,9.75,6.05
2014/7/22,9.06,7.21,3.14,9.82,6.09
2014/7/23,9.08,7.2,3.11,10.27,6.07
2014/7/24,9.32,7.27,3.12,10.05,6.15
2014/7/25,9.39,7.35,3.17,10.17,6.23
2014/7/28,9.76,7.45,3.18,10.49,6.31
2014/7/29,9.78,7.42,3.21,10.63,6.4
2014/7/30,9.71,7.36,3.21,10.64,6.34
2014/7/31,9.8,7.42,3.24,10.59,6.35
2014/8/1,9.76,7.37,3.18,10.29,6.28
2014/8/4,9.92,7.53,3.25,10.5,6.37
2014/8/5,9.87,7.48,3.25,10.48,6.38
2014/8/6,9.74,7.51,3.26,10.41,6.45
2014/8/7,9.56,7.43,3.22,10.35,6.34
2014/8/8,9.54,7.06,3.19,10.37,6.36
2014/8/11,9.7,7.11,3.23,10.53,6.44
2014/8/12,9.64,7.14,3.22,10.68,6.46
2014/8/13,9.61,7.1,3.54,11.15,6.4
2014/8/14,9.6,7.07,3.89,10.87,6.41
2014/8/19,9.71,7.28,4.28,10.99,6.75
2014/8/20,9.64,7.38,4.71,11,6.7
2014/8/21,9.5,7.41,4.6,11.11,6.65
2014/8/22,9.54,7.5,4.37,11.12,6.88
2014/8/25,9.44,7.52,4.55,11.05,6.77
2014/8/26,9.46,7.56,4.34,10.78,6.71
2014/8/27,9.45,7.54,4.4,10.99,6.65
2014/8/28,9.36,7.39,4.44,11.01,6.63
2014/8/29,9.47,7.44,4.32,11.02,6.68
2014/9/1,9.49,7.49,4.34,11.05,6.84
2014/9/2,9.6,7.55,4.43,11.12,6.86
2014/9/3,9.68,7.59,4.47,11.25,6.89
2014/9/4,9.71,7.57,4.44,11.23,7.19
2014/9/5,9.74,7.83,4.44,11.15,7.21
2014/9/9,9.7,8.01,4.88,11.27,7.26
2014/9/10,9.59,7.99,4.74,11.11,7.25
2014/9/11,9.6,7.97,4.61,11.31,7.23
2014/9/12,9.6,8.13,4.74,11.35,7.27
2014/9/15,9.6,8.22,4.8,11.4,7.32
2014/9/16,9.62,8,4.7,11.08,7.63
2014/9/17,9.57,8.03,4.64,11.08,7.93
2014/9/18,9.73,8.05,4.66,11.11,7.91
2014/9/19,9.85,8.04,4.66,11.26,7.87
2014/9/22,9.61,7.95,4.67,11.09,7.62
2014/9/23,9.63,7.97,4.67,11.03,7.74
2014/9/24,9.76,8.1,4.74,11.18,7.84
2014/9/25,9.71,8.09,5.21,11.08,7.74
2014/9/26,9.72,8.08,5.33,11.17,7.67
2014/9/29,9.76,8.2,5.64,11.23,7.7
2014/9/30,9.75,8.35,5.76,11.43,7.7
2014/10/8,9.84,8.34,5.75,11.57,7.78
2014/10/9,9.85,8.32,5.62,11.53,8.01
2014/10/10,9.83,8.21,5.72,11.35,7.91
2014/10/13,9.73,8.25,5.8,11.74,7.78
2014/10/14,9.72,8.29,6.1,11.77,7.66
2014/10/15,9.79,8.43,5.97,11.68,7.73
2014/10/16,9.89,8.29,5.63,11.5,7.61
2014/10/17,9.85,8.32,5.69,11.65,7.38
2014/10/20,9.9,8.41,5.78,11.62,7.53
2014/10/21,9.78,8.44,5.64,11.45,7.42
2014/10/22,9.78,8.4,5.6,11.08,7.3
2014/10/23,9.75,8.22,5.5,10.9,7.23
2014/10/24,9.68,8.25,5.33,10.9,7.2
2014/10/27,9.47,8.19,5.51,10.9,7.36
2014/10/28,9.59,8.4,5.65,11.13,7.5
2014/10/29,9.7,9.01,5.8,11.26,7.54
2014/10/30,9.81,8.92,5.75,11.26,7.48
2014/10/31,10.2,9.17,5.7,12.39,7.61
2014/11/3,10.16,9.33,5.78,13.63,7.6
2014/11/4,10.07,9.24,5.68,13.29,7.53
2014/11/5,9.99,9.18,5.55,12.97,7.54
2014/11/6,10.03,9.36,5.51,13.02,7.59
2014/11/7,10.18,9.25,5.39,12.69,7.51
2014/11/10,10.55,9.64,5.57,12.88,7.53
2014/11/11,10.92,9.46,5.29,12.46,7.29
2014/11/12,11.05,9.85,5.31,12.64,7.39
2014/11/13,10.94,9.8,5.24,12.74,7.2
2014/11/14,10.9,9.68,5.26,12.49,7.2
2014/11/17,10.75,9.75,5.28,12.51,7.32
2014/11/18,10.45,9.45,5.45,12.79,7.42
2014/11/19,10.47,9.38,5.48,12.57,7.46
2014/11/20,10.57,9.43,5.56,13.03,7.42
2014/11/21,10.79,9.72,5.6,12.98,7.61
2014/11/24,10.86,9.69,5.6,12.99,7.77
2014/11/25,11.08,9.83,5.57,14.29,7.78
2014/11/26,11.32,9.77,5.7,14.22,7.88
2014/11/27,11.48,9.67,5.63,14.17,7.86
2014/11/28,12.4,10.08,5.58,14.02,7.78
2014/12/1,12.16,9.92,5.43,13.95,7.83
2014/12/2,12.87,10.07,5.53,14.19,8.61
2014/12/3,12.58,10,6.02,14.32,9.28
2014/12/4,13.27,10.18,6.02,14.45,9.55
2014/12/5,13.53,10,5.75,13.68,9.28
2014/12/8,13.81,10.38,5.66,13.89,9.83
2014/12/9,12.65,11.13,5.54,13.95,9.07
2014/12/10,13.16,12.22,5.64,14.39,9.98
2014/12/11,13.05,12.71,5.89,15.63,10.98
2014/12/12,12.98,12.34,5.86,15.21,11.37
2014/12/15,12.76,12.21,5.88,15.12,11.25
2014/12/16,13.29,12.01,6.47,14.92,11.7
2014/12/17,14.11,12.24,6.68,14.61,11.63
2014/12/18,13.89,11.94,6.48,14.71,12.03
2014/12/19,14.09,12.21,6.39,15.37,12.49
2014/12/22,14.68,11.55,5.82,14.37,12.57
2014/12/23,14.11,11.27,5.8,14.22,11.83
2014/12/24,13.46,11.42,5.94,13.98,11.83
2014/12/25,14.25,11.64,5.97,14.35,11.82
2014/12/26,14.77,11.83,6.06,14.67,11.93
2014/12/29,14.95,11.25,6.09,14.95,12.26
2014/12/30,15.36,10.78,5.85,14.46,11.72
2014/12/31,15.69,10.93,5.95,15.29,11.8
2015/1/5,16.07,11.65,6.24,15.76,12.09
2015/1/6,16.13,11.69,6.34,15.2,13.3
2015/1/7,15.81,11.57,6.21,15.19,12.76
2015/1/8,15.25,11.32,6.01,14.82,12.65
2015/1/9,15.43,11.37,5.93,14.67,12.23
2015/1/12,15.22,10.92,5.89,14.1,11.71
2015/1/13,15.18,11.03,5.97,14.48,11.65
2015/1/14,15.49,10.92,5.79,14.34,11.52
2015/1/15,16.12,11.35,5.88,14.6,11.83
2015/1/16,16.47,11.35,5.89,14.6,12.41
2015/1/19,14.82,10.53,5.52,13.66,11.17
2015/1/20,15,10.77,5.6,14.27,11.43
2015/1/21,15.74,11.16,5.76,14.94,11.83
2015/1/22,15.63,11.43,5.79,15.21,12.25
2015/1/23,15.63,11.44,5.7,15.28,11.95
2015/1/26,15.43,11.61,5.83,15.39,12.19
2015/1/27,15.01,11.45,6.29,15.25,12.32
2015/1/28,14.81,11.36,6.02,15.8,12.05
2015/1/29,14.42,11.27,5.99,15.64,11.55
2015/1/30,14.47,11.12,5.86,15.54,11.7
2015/2/2,14.04,10.82,5.7,15.12,11.2
2015/2/3,14.45,10.92,5.84,15.26,11.3
2015/2/4,14.18,10.87,5.86,15.33,11.18
2015/2/5,14.18,10.81,5.73,15.4,11.08
2015/2/6,14.09,10.52,5.63,15.22,10.85
2015/2/9,14.16,10.3,5.61,15.02,10.5
2015/2/10,14.43,10.46,5.67,14.92,10.81
2015/2/11,14.42,10.5,5.66,14.96,10.79
2015/2/12,14.35,10.57,5.95,14.98,10.92
2015/2/13,14.43,10.73,6.1,15.1,11.47
2015/2/16,14.4,10.84,6.11,15.14,11.71
2015/2/17,14.47,11.15,6.24,15.38,11.67
2015/2/25,14.28,11.01,6.1,15.74,12.37
2015/2/26,14.62,11.2,6.15,15.76,12.5
2015/2/27,14.53,11.42,6.18,15.82,12.48
2015/3/2,14.48,11.39,6.39,15.94,12.84
2015/3/3,14,11.02,6.27,15.68,13.24
2015/3/4,13.91,11.1,6.29,15.6,12.92
2015/3/5,13.58,11.02,6.51,15.48,12.76
2015/3/6,13.63,11.01,6.28,15.18,12.15
2015/3/9,14.51,11.14,6.24,15.19,12.27
2015/3/10,14.1,11.34,6.2,15.23,12.2
2015/3/11,14.25,11.31,6.15,15.16,12.21
2015/3/12,15.12,11.2,6.06,15.39,12.24
2015/3/13,15.29,11.45,6.12,15.41,12.49
2015/3/16,15.47,11.71,6.21,15.69,12.73
2015/3/17,15.54,12.47,6.56,16.05,12.76
2015/3/18,15.88,12.38,6.61,16.26,13.07
2015/3/19,15.64,12.2,6.84,16.05,12.94
2015/3/20,15.75,12.3,6.76,16.51,13.45
2015/3/23,15.91,12.38,7.25,16.65,14.8
2015/3/24,15.69,12.23,7.13,16.31,15.06
2015/3/25,15.24,12.42,7.2,16.07,14.85
2015/3/26,15.36,12.49,7.09,17.35,14.65
2015/3/27,15.36,12.61,7.17,17.07,15.37
2015/3/30,16.02,13.14,7.17,17.52,15.24
2015/3/31,15.79,12.82,7,17.03,15.02
2015/4/1,15.95,12.99,7.7,17.04,15.69
2015/4/2,16.18,12.94,7.62,17.06,15.86
2015/4/3,16.2,13.35,7.67,17.16,15.69
2015/4/7,16.71,13.68,7.71,17.43,15.73
2015/4/8,17.02,13.41,7.72,17.84,15.09
2015/4/9,16.87,12.99,7.37,17.32,14.6
2015/4/10,17.53,13.34,7.47,17.55,14.89
2015/4/13,18.03,13.58,7.6,18.3,15.13
2015/4/14,17.89,13.99,7.74,17.95,15.12
2015/4/15,17.96,13.66,7.67,17.27,15.42
2015/4/16,18.65,14.28,7.66,17.38,16.84
2015/4/17,18.6,14.46,7.81,17.74,16.54
2015/4/20,17.9,14.34,8.05,17.29,15.52
2015/4/21,18.16,14.94,8.07,17.38,16.03
2015/4/22,18.5,15.15,8.12,17.96,16.22
2015/4/23,18.22,14.98,8.3,18.33,15.95
2015/4/24,17.68,14.67,8.02,17.79,16.14
2015/4/27,18.17,15.04,8.03,18.65,15.96
2015/4/28,18.3,14.53,7.71,17.83,16.26
2015/4/29,18.53,14.83,7.93,17.91,16.04
2015/4/30,18.07,14.92,7.8,18.07,15.71
2015/5/4,17.81,15.8,8.58,18.55,15.81
2015/5/7,17.07,14.41,7.76,15.75,13.35
2015/5/8,17.11,15.31,7.82,16.15,13.65
2015/5/11,17.27,15.58,8.6,16.57,14.27
2015/5/12,17.24,15.45,9.46,16.69,14.47
2015/5/13,17.07,15.28,10.41,16.82,14.53
2015/5/15,16.78,15.2,10.74,15.94,13.84
2015/5/18,16.38,14.74,10.69,15.9,14.41
2015/5/19,17.04,15.22,10.73,16.38,14.59
2015/5/20,17.15,15.29,10.81,16.48,14.75
2015/5/21,17.32,15.9,10.71,16.98,15.36
2015/5/22,17.76,16.64,10.96,17.37,16.04
2015/5/25,18.14,17.9,11.55,17.85,16.19
2015/5/26,18.39,17.99,11.44,18.14,16.73
2015/5/27,18.07,18.73,11.16,18.09,17.15
2015/5/28,17.04,17.25,10.04,17.02,15.44
2015/5/29,17.04,17.34,9.69,16.99,14.86
2015/6/1,17.93,19.07,10.66,18,15.42
2015/6/2,17.84,20,10.75,18.74,16
2015/6/3,17.9,19.72,10.94,18.36,16.41
2015/6/4,18.63,19.15,10.66,17.96,16.65
2015/6/5,18.43,19.4,10.91,19.76,17.38
2015/6/17,18.2,20.13,12.41,19.6,18.1
2015/6/18,17.72,19.74,12.12,19.1,18.46
2015/6/19,17.07,17.77,11.18,17.01,17.03
2015/6/23,17.02,17.99,12.15,17.03,17.24
2015/6/24,17.25,18.24,13.37,17.43,18
2015/6/25,16.71,17,12.53,16.51,17.07
2015/6/26,15.85,15.31,11.28,14.88,15.36
2015/6/29,15.91,15.82,11.75,14.21,13.82
2015/6/30,16.96,16.9,12.68,15.23,14.35
2015/7/1,16.32,15.48,11.88,14.47,12.92
2015/7/2,16.37,13.93,10.69,13.35,11.63
2015/7/3,15.87,13.02,9.62,12.12,10.47
2015/7/6,17.22,13.65,8.66,11.85,9.43
2015/7/7,17.57,12.29,7.79,11.98,8.5
2015/7/8,15.95,11.26,7.01,10.78,7.79
2015/7/9,16.95,12.39,7.71,11.86,8.57
2015/7/10,17.28,13.63,8.48,13.05,9.43
2015/7/13,17.04,14.99,9.33,14.36,10.37
2015/7/14,16.75,14.74,9.12,13.72,11.41
2015/7/15,17.07,13.34,8.21,12.51,10.27
2015/7/16,16.96,13.97,8.4,13.02,10.56
2015/7/17,17.02,14.64,8.99,13.74,11.43
2015/7/20,16.68,14.56,9.45,13.75,11.44
2015/7/21,16.38,14.71,9.33,13.7,11.51
2015/7/22,16.16,14.59,10.26,13.68,11.68
2015/7/23,16.43,15.24,10.35,14.13,12.16
2015/7/24,16.14,14.86,9.83,13.81,12.38
2015/7/27,14.91,13.37,8.85,12.43,11.14
2015/7/28,15.24,13.39,8.99,12.36,10.26
2015/7/29,15.29,14.01,9.65,13.07,11.27
2015/7/30,14.9,13.71,9.15,12.83,10.83
2015/7/31,15.07,13.79,9.21,12.94,10.96
2015/8/3,15.55,14.17,8.49,12.96,11.28
2015/8/4,15.62,14.71,9.09,14.21,12
2015/8/5,15.31,14.42,8.82,13.8,11.6
2015/8/6,15.38,14.45,9.04,13.87,11.28
2015/8/7,15.47,14.71,9.29,13.99,11.65
2015/8/10,15.78,15.58,10.22,14.61,12.34
2015/8/11,15.57,15.45,11.24,14.91,12.38
2015/8/12,15.39,14.9,11.41,14.15,12.27
2015/8/13,15.45,15.26,12.55,14.5,12.49
2015/8/14,15.49,15.37,13.81,14.66,12.54
2015/8/17,15.32,15.94,15.19,15.1,12.84
2015/8/18,14.87,14.77,13.67,16.04,11.56
2015/8/19,15,15.23,15.04,17.64,11.72
2015/8/20,14.68,14.95,13.73,19.4,10.86
2015/8/21,14.22,14.17,12.36,18.41,10.08
2015/8/24,12.87,12.75,11.13,16.58,9.07
2015/8/25,12.39,11.51,11.56,15,8.16
2015/8/26,13.02,11.85,12.35,13.86,8.19
2015/8/27,13.98,12.52,12.61,14.23,8.74
2015/8/28,14.24,13.23,13.87,15.65,9.49
2015/8/31,14.96,12.73,13.38,15.71,9.56
2015/9/1,15.33,12.11,12.04,14.14,9.43
2015/9/2,14.89,12.48,10.84,12.73,9.52
2015/9/7,14.5,12.28,9.99,12.85,9.21
2015/9/8,15.06,12.64,10.13,13.5,9.65
2015/9/9,15.16,12.85,10.58,13.92,9.93
2015/9/10,15.25,12.54,10.14,13.75,9.47
2015/9/11,15.56,12.51,9.93,13.67,9.59
2015/9/14,15.93,11.92,8.97,12.62,8.66
2015/9/15,15.46,11.57,8.07,12.47,8.27
2015/9/16,15.43,12.43,8.78,13.56,9.04
2015/9/17,15.11,11.94,8.55,13.14,8.69
2015/9/18,15.03,11.92,8.56,13.12,8.9
2015/9/21,14.97,12.14,8.75,13.43,9.1
2015/9/22,15.05,12.3,8.93,13.4,9.16
2015/9/23,14.95,11.98,8.54,12.97,8.96
2015/9/24,15.27,12.1,8.84,13.23,9.09
2015/9/25,15.59,12,8.42,13.16,9.21
2015/9/28,15.92,12.13,8.63,13.95,9.11
2015/9/29,15.97,11.9,8.21,13.73,8.8
2015/9/30,16.63,11.99,8.3,13.7,8.81
2015/10/8,15.87,12.41,8.65,14.05,9.15
2015/10/9,15.9,12.58,8.7,14.07,9.33
2015/10/12,16.06,13.08,9.18,14.61,9.79
2015/10/13,15.97,13.04,10.08,14.85,9.87
2015/10/14,15.9,12.78,9.5,14.43,9.58
2015/10/26,16.28,13.43,9.73,15.06,11.15
2015/10/27,16.32,13.36,9.67,14.87,11
2015/10/28,16.31,13.2,9.52,14.45,10.97
2015/10/29,16.59,13.34,9.74,14.62,10.99
2015/10/30,16.39,13.46,9.42,14.95,10.87
2015/11/2,16.41,13.62,9.3,15.69,10.5
2015/11/3,16.46,13.61,8.88,16.95,10.58
2015/11/4,16.84,14.22,9.3,17.16,11.15
2015/11/5,17.71,14.06,9.54,16.76,11.21
2015/11/6,17.88,14.36,9.64,16.86,11.38
2015/11/9,18.15,14.47,9.86,16.64,11.31
2015/11/10,18.37,14.23,9.7,16.85,11.05
2015/11/11,17.73,14.28,9.79,16.71,11.25
2015/11/12,17.36,14.05,9.59,16.64,11.09
2015/11/13,17.58,13.86,10.11,16.05,10.82
2015/11/16,17.42,14.02,9.96,16.3,11.18
2015/11/17,17.44,13.94,9.73,16.16,11.34
2015/11/18,17.39,13.79,9.43,16.81,10.86
2015/11/19,17.9,13.95,9.6,16.65,11.17
2015/11/20,18.47,13.93,9.6,16.57,11.2
2015/11/23,19.06,13.85,9.41,16.57,10.97
2015/11/24,19.05,13.68,9.46,16.26,10.99
2015/11/25,19.67,13.71,9.56,16.3,11.07
2015/11/26,19.37,13.91,9.41,16.29,11.14
2015/11/27,18.53,13.21,8.76,15.21,10.38
2015/11/30,18.65,13.26,8.84,15.54,10.54
2015/12/1,18.66,13.46,8.78,16.54,10.77
2015/12/2,19.85,13.89,8.9,16.61,10.71
2015/12/3,19.25,13.95,8.94,16.83,10.77
2015/12/4,18.71,13.7,8.87,16.65,10.51
2015/12/7,19.45,13.95,8.83,16.6,10.58
2015/12/8,20.1,13.73,8.46,16.71,10.4
2015/12/9,19.23,13.7,8.6,17.97,10.16
2015/12/10,19.27,13.73,8.49,17.55,10.11
2015/12/11,18.6,13.81,8.42,17.02,10.1
2015/12/14,18.45,14.1,8.71,17.03,10.33
2015/12/15,18.31,13.97,8.63,17.16,10.38
2015/12/16,18.18,14.03,8.61,17.03,10.37
2015/12/17,18.49,14.25,8.77,17.59,10.53
2015/12/18,18.81,14.36,8.75,18.17,10.53
2015/12/21,19.14,14.75,8.81,19.11,10.64
2015/12/22,18.9,14.77,8.79,21.02,10.62
2015/12/23,18.88,14.45,8.78,20.1,10.68
2015/12/24,19.04,14.35,8.62,19.95,10.69
2015/12/25,19.32,14.43,8.65,20.46,10.75
2015/12/28,18.7,14.01,8.73,18.73,10.33
2015/12/29,18.74,14.13,9.14,19.05,10.39
2015/12/30,18.57,14.16,9.04,19.29,10.32
2015/12/31,18.27,14.23,8.86,18.78,10.19
2016/1/4,17.8,13.04,7.98,17.28,9.2
2016/1/5,17.96,13.14,7.69,16.89,9.25
2016/1/6,18.1,13.43,7.88,17.05,9.4
2016/1/7,17.51,12.42,7.1,15.35,8.47
2016/1/8,17.49,12.7,7.13,15.36,8.87
2016/1/11,17.05,12.1,6.43,13.83,8.21
2016/1/12,17.45,12.16,6.55,14.03,8.3
2016/1/13,17.39,11.89,6.28,13.81,7.97
2016/1/14,17.92,12.07,6.4,14.11,8.14
2016/1/15,17.58,11.67,6.11,14.06,7.69
2016/1/18,17.68,12,6.2,14.06,7.73
2016/1/19,17.77,12.52,6.46,14.39,7.96
2016/1/20,17.25,12.45,6.35,14.11,7.87
2016/1/21,16.58,12.2,6.07,13.19,7.62
2016/1/22,17.02,12.36,6.15,13.63,7.72
2016/1/25,17.03,12.46,6.23,14.19,7.82
2016/1/26,16.66,11.87,6.39,13.34,7.04
2016/1/27,16.68,11.92,6.11,14.39,6.91
2016/1/28,16.58,11.8,5.69,14.31,6.61
2016/1/29,16.9,12.21,5.86,14.87,6.86
2016/2/1,16.5,11.95,5.72,14.61,6.76
2016/2/2,16.76,12.2,5.88,15.05,6.95
2016/2/3,16.61,12.36,5.84,14.79,6.96
2016/2/4,17.3,12.54,5.93,14.84,7.09
2016/2/5,18.38,12.35,5.87,14.23,7.06
2016/2/15,18.45,12.34,5.8,14.06,6.95
2016/4/25,17.88,12.15,6.6,15.1,8.13
2016/4/26,17.92,12.2,6.68,15.18,8.18
2016/4/27,17.86,12.14,6.5,15.33,8.08
2016/4/28,17.9,12.09,6.38,15.33,8.16
2016/4/29,17.83,12.02,6.35,15.58,8.12
2016/5/3,18.12,12.3,6.47,15.99,8.32
2016/5/4,18.08,12.38,6.41,16.36,8.3
2016/5/5,18.06,12.42,6.37,16.97,8.4
2016/5/6,17.73,12.27,6.1,16.75,8.22
2016/5/9,17.51,11.9,5.83,16.45,7.91
2016/5/10,17.48,11.94,5.87,17.19,7.95
2016/5/11,17.45,12.34,6.08,16.89,7.96
2016/5/12,17.41,12.28,6.23,17.99,7.88
2016/5/13,17.24,12.19,6.33,17.7,7.88
2016/5/16,17.29,12.3,6.45,17.8,7.99
2016/5/17,17.25,12.26,6.29,17.56,8.34
2016/5/18,17.56,12.02,6.01,17.2,8.17
2016/5/19,17.35,11.99,5.99,18.42,8.16
2016/5/20,17.45,12.03,6.01,18.36,8.12
2016/5/23,17.55,12.16,6.42,18.56,4.07
2016/5/24,17.55,12.08,6.38,17.95,3.91
2016/5/25,17.67,12.04,6.25,18,3.87
2016/5/26,17.7,12,6.26,18.14,3.87
2016/5/27,17.74,11.96,6.23,17.68,3.83
2016/5/30,17.95,11.9,6.09,17.13,3.83
2016/5/31,18.29,12.24,6.32,17.86,4
2016/6/1,18.19,12.19,6.38,17.82,4.01
2016/6/2,18.02,12.19,6.41,17.87,4
2016/6/3,18.01,12.28,6.37,18.39,3.99
2016/6/6,18.02,12.32,6.38,18.32,3.97
2016/6/7,18.02,12.26,6.69,18.2,3.97
2016/6/8,17.99,12.16,7.19,17.7,3.94
2016/6/13,17.78,11.96,7.91,17.1,3.78
2016/6/14,17.79,11.97,8.09,17.38,3.79
2016/6/15,17.74,12.15,8.23,17.95,3.84
2016/6/16,17.8,12.01,8.56,18.34,3.77
2016/6/17,17.77,12.09,8.27,18.12,3.78
2016/6/20,17.85,12.06,8.31,19.06,3.76
2016/6/21,17.78,12.09,8.07,18.78,3.79
2016/6/22,17.89,12.25,8.88,18.92,3.91
2016/6/23,15.72,12.18,8.89,18.6,3.99
2016/6/24,15.28,12.05,8.64,18.69,3.87
2016/6/27,15.31,12.17,8.95,19.98,3.9
2016/6/28,15.28,12.16,9.07,19.95,3.93
2016/6/29,15.5,12.25,9,20.48,3.93
2016/6/30,15.57,12.26,8.87,20.2,3.89
2016/7/1,15.92,12.28,8.57,20.2,3.89
2016/7/4,15.93,12.48,8.59,20.81,3.96
2016/7/5,15.79,12.58,8.99,20.53,4
2016/7/6,15.64,12.67,9.15,20.65,4.05
2016/7/7,15.57,12.64,9.2,20.52,4.04
2016/7/8,15.45,12.5,9.02,20.16,4.01
2016/7/11,15.43,12.53,8.85,20.15,4
2016/7/12,15.64,13.02,8.82,20.38,4.06
2016/7/13,15.79,12.94,8.75,20.49,4.1
2016/7/14,15.7,12.96,8.69,20.3,4.08
2016/7/15,15.71,13.06,8.57,20.46,4.07
2016/7/18,15.77,12.96,8.67,20.55,4.1
2016/7/19,15.73,12.94,8.63,20.41,4.07
2016/7/20,15.75,12.91,8.48,20.21,4.05
2016/7/21,15.83,13.3,8.53,19.99,4.06
2016/7/22,15.63,13.2,8.24,20,3.99
2016/7/25,15.69,13.22,7.91,20.02,4.01
2016/7/26,15.74,13.55,8.01,20.8,4.06
2016/7/27,15.87,13.44,7.66,20.2,3.92
2016/7/28,15.68,13.79,7.93,21.93,3.96
2016/7/29,15.7,13.58,7.8,21.79,3.91
2016/8/1,15.8,13.42,7.64,21.82,3.86
2016/8/2,15.75,13.4,7.7,21.44,3.89
2016/8/3,15.67,13.49,7.89,21.64,3.88
2016/8/4,15.59,13.5,8.04,21.39,3.93
2016/8/5,15.73,13.19,7.95,21.4,3.91
2016/8/8,15.74,13.09,7.95,21.3,3.95
2016/8/9,15.79,13.2,7.96,21.81,4.02
2016/8/10,15.83,13.05,7.91,21.62,4
2016/8/11,16.07,12.9,7.96,21.41,3.96
2016/8/12,16.36,13.31,8.22,21.99,4.05
2016/8/15,16.94,13.53,8.27,23.74,4.12
2016/8/16,16.7,13.37,8.34,23.75,4.2
2016/8/17,16.64,13.47,8.57,22.99,4.19
2016/8/18,16.44,13.49,8.41,22.99,4.18
2016/8/19,16.42,13.55,8.41,22.55,4.18
2016/8/22,16.41,13.67,8.18,22.49,4.16
2016/8/23,16.4,13.68,8.14,22.48,4.14
2016/8/24,16.39,13.93,8.11,21.68,4.15
2016/8/25,16.34,14.2,8.15,21.69,4.2
2016/8/26,16.34,14.18,8.1,21.96,4.18
2016/8/29,16.23,13.98,8.1,22.1,4.29
2016/8/30,16.4,14.06,8.12,22.4,4.2
2016/8/31,16.48,13.8,8.08,22.37,4.16
2016/9/1,16.41,13.81,7.98,22.28,4.1
2016/9/2,16.48,13.82,7.78,22.09,4.11
2016/9/5,16.49,14.07,7.8,21.83,4.14
2016/9/6,16.41,14.09,8.22,21.98,4.3
2016/9/7,16.48,14.28,8.24,22.22,4.56
2016/9/8,16.6,14.26,8.44,22.92,4.62
2016/9/9,16.56,14.36,8.44,22.52,4.51
2016/9/12,16.4,13.93,7.94,21.29,4.4
2016/9/13,16.45,13.93,7.91,21.31,4.46
2016/9/14,16.4,13.81,7.86,21.42,4.37
2016/9/19,16.46,14.03,7.9,21.7,4.41
2016/9/20,16.46,14.05,7.84,21.36,4.42
2016/9/21,16.45,14.04,7.87,21.91,4.38
2016/9/22,16.53,14.05,7.89,21.91,4.39
2016/9/23,16.48,14.09,7.79,21.82,4.39
2016/9/26,16.48,13.86,7.56,21.47,4.21
2016/9/27,16.48,13.91,7.59,21.86,4.24
2016/9/28,16.48,13.7,7.55,21.94,4.19
2016/9/29,16.5,13.78,7.57,21.9,4.18
2016/9/30,16.49,13.82,7.59,22.13,4.19
2016/10/10,16.55,14.1,7.86,22.05,4.3
2016/10/11,16.57,14.06,7.86,22.58,4.29
2016/10/12,16.51,13.96,7.8,22.67,4.29
2016/10/13,16.43,13.95,7.73,22.12,4.39
2016/10/14,16.46,14,7.74,21.61,4.38
2016/10/17,16.27,13.9,7.62,21.64,4.32
2016/10/18,16.34,14.14,8,21.86,4.38
2016/10/19,16.27,14.15,7.88,21.68,4.37
2016/10/20,16.29,14.17,7.85,21.31,4.38
2016/10/21,16.3,14.23,7.76,20.61,4.34
2016/10/24,16.47,14.47,7.81,20.2,4.37
2016/10/25,16.42,14.55,7.88,20.15,4.36
2016/10/26,16.32,14.48,7.78,19.61,4.29
2016/10/27,16.19,14.38,7.8,19.59,4.29
2016/10/28,16.29,14.5,7.78,19.93,4.25
2016/10/31,16.27,14.64,7.62,19.65,4.24
2016/11/1,16.3,14.65,7.63,19.5,4.29
2016/11/2,16.2,14.65,7.53,19.33,4.21
2016/11/3,16.35,14.58,7.55,19.33,4.24
2016/11/4,16.4,14.68,7.54,19.02,4.23
2016/11/7,16.42,14.84,7.5,18.83,4.24
2016/11/8,16.47,15.05,7.57,18.91,4.25
2016/11/9,16.46,14.83,7.4,19.03,4.18
2016/11/10,16.57,15.17,7.46,19.08,4.22
2016/11/11,16.59,15.26,7.49,19.16,4.26
2016/11/14,16.6,15.17,7.53,19.11,4.3
2016/11/15,16.59,15.14,7.6,19.47,4.31
2016/11/16,16.6,15.01,7.58,19.74,4.29
2016/11/17,16.6,15.09,7.55,19.93,4.28
2016/11/18,16.6,15,7.52,19.65,4.28
2016/11/21,16.64,14.98,7.55,19.85,4.29
2016/11/22,16.68,15.01,7.55,19.71,4.35
2016/11/23,16.93,14.95,7.55,19.83,4.31
2016/11/24,16.89,15.01,7.57,19.96,4.29
2016/11/25,17.09,15,7.5,19.82,4.41
2016/11/28,17.21,14.95,7.48,20.06,4.38
2016/11/29,17.26,15.02,7.5,20.74,4.38
2016/11/30,17.16,14.71,7.41,19.59,4.32
2016/12/1,17.15,14.66,7.48,19.75,4.35
2016/12/2,17.1,14.67,7.37,19.37,4.26
2016/12/5,17.3,14.61,7.3,18.93,4.24
2016/12/6,17.22,14.64,7.29,18.95,4.26
2016/12/7,17.07,14.6,7.34,19.18,4.27
2016/12/8,17.14,14.64,7.29,19.18,4.25
2016/12/9,17.34,14.68,7.28,19.16,4.23
2016/12/12,17.49,14.16,6.79,18.07,4.08
2016/12/13,17.17,14.09,6.8,18.36,4.09
2016/12/14,17.18,13.76,6.67,18.27,4.09
2016/12/15,16.7,13.71,6.68,18.37,4.09
2016/12/16,16.66,14.04,6.94,17.89,4.1
2016/12/19,16.52,14.05,7.08,16.96,4.1
2016/12/20,16.28,13.96,6.98,16.95,4.1
2016/12/21,16.32,14.24,7.06,17.29,4.19
2016/12/22,16.19,14.26,7.26,16.64,4.17
2016/12/23,16.19,14.14,7.12,16.89,4.13
2016/12/26,16.25,14.11,7.12,16.87,4.15
2016/12/27,16.14,14.26,7.04,17.03,4.19
2016/12/28,16.09,14.1,6.93,17.46,4.17
2016/12/29,16.07,14.08,6.92,17.33,4.12
2016/12/30,16.21,14.09,6.88,17.27,4.11
2017/1/3,16.3,14.29,6.92,17.43,4.14
2017/1/4,16.33,14.39,7.1,17.67,4.17
2017/1/5,16.3,14.35,7.11,17.42,4.16
2017/1/6,16.18,14.35,7.19,17.71,4.19
2017/1/9,16.2,14.47,7.18,17.72,4.21
2017/1/10,16.19,14.46,7.12,17.92,4.18
2017/1/11,16.16,14.34,6.99,17.85,4.12
2017/1/12,16.12,14.16,6.91,17.69,4.1
2017/1/13,16.27,14.13,6.82,18.06,4.12
2017/1/16,16.56,13.97,6.68,18.33,4.16
2017/1/17,16.4,13.93,6.76,18.21,4.15
2017/1/18,16.48,14,6.72,18.22,4.15
2017/1/19,16.54,14.01,6.69,17.94,4.14
2017/1/20,16.6,14.17,6.79,18.04,4.17
2017/1/23,16.57,14.23,6.82,18.13,4.18
2017/1/24,16.69,14.26,6.85,18.14,4.17
2017/1/25,16.69,14.43,6.82,18.17,4.17
2017/1/26,16.74,14.44,6.85,18.19,4.18
2017/2/3,16.63,14.25,6.8,18.2,4.15
2017/2/6,16.66,14.32,6.85,18.28,4.18
2017/2/7,16.67,14.43,6.91,18.13,4.15
2017/2/8,16.67,14.47,6.92,18.11,4.17
2017/2/9,16.72,14.49,6.97,18.29,4.2
2017/2/10,16.78,14.56,6.97,18.16,4.22
2017/2/13,16.85,14.6,7.05,18.51,4.25
2017/2/14,16.75,14.55,7.12,18.45,4.24
2017/2/15,16.84,14.44,7.04,18.49,4.29
2017/2/16,16.78,14.48,7.02,18.41,4.31
2017/2/17,16.64,14.33,7.16,18.23,4.25
2017/2/20,16.91,14.73,7.37,18.57,4.28
2017/2/21,16.88,14.84,7.32,18.62,4.33
2017/3/6,16.41,15.08,7.36,19.66,4.32
2017/3/7,16.43,15.03,7.31,20.02,4.28
2017/3/8,16.39,14.96,7.22,20.06,4.53
2017/3/9,16.22,15.24,7.09,20.08,4.4
2017/3/10,16.23,15.19,7.08,19.8,4.36
2017/3/13,16.34,16.2,7.13,20.01,4.37
2017/3/14,16.26,16.09,7.09,20.1,4.34
2017/3/15,16.24,16.19,7.06,20.1,4.39
2017/3/16,16.29,16.28,7.11,20.49,4.36
2017/3/17,16.2,16.16,7.09,20.21,4.3
2017/3/20,16.14,16.22,7.12,20.69,4.31
2017/3/21,16,16.25,7.06,20.62,4.33
2017/3/22,15.78,15.96,6.94,20.44,4.29
2017/3/23,15.88,16,6.89,20.48,4.28
2017/3/24,15.96,16.41,6.9,20.87,4.31
2017/3/27,16.04,16.2,6.91,20.91,4.3
2017/3/28,16.01,15.98,6.86,20.98,4.28
2017/3/29,15.87,16.09,6.81,20.36,4.28
2017/3/30,15.81,15.83,6.67,19.81,4.22
2017/3/31,16.01,15.94,6.88,20.01,4.26
2017/4/5,16.16,15.98,6.91,20.56,4.69
2017/4/6,16.1,16.01,6.96,20.63,5.16
2017/4/7,16.1,16.17,6.92,20.76,5.68
2017/4/10,15.97,15.95,6.91,21.12,6.25
2017/4/11,15.89,16.03,6.91,21.08,6.88
2017/4/12,15.89,16.71,6.91,20.68,7.57
2017/4/13,15.75,16.7,6.93,20.97,8.33
2017/4/18,15.3,15.97,6.62,20.82,7.5
2017/4/19,15.11,16.05,6.55,20.48,7.3
2017/4/20,14.91,16.44,6.56,20.3,7.02
2017/4/21,15.05,16.27,6.51,20.5,6.32
2017/4/24,15,15.84,6.32,20.11,6.29
2017/4/25,15.05,15.98,6.33,20.01,6.56
2017/4/26,15.05,15.92,6.32,20.19,7.22
2017/4/27,15.21,16.03,6.25,20.12,7.38
2017/4/28,15.21,15.95,6.31,20,7.51
2017/5/2,15.16,16.29,6.24,20.77,7.79
2017/5/3,15.08,16.76,6.18,20.28,7.11
2017/5/4,14.98,16.69,6.14,19.97,7.7
2017/5/5,14.92,16.69,6.1,20.01,7.49
2017/5/8,14.86,16.63,6.09,19.4,6.93
2017/5/9,14.76,16.47,6.09,19.58,6.94
2017/5/10,14.61,16.07,5.99,18.9,6.43
2017/5/11,14.75,16.18,5.92,19.15,6.79
2017/5/12,15.21,16.45,5.85,19.3,7.15
2017/5/15,15.27,16.5,5.86,19.65,7.07
2017/5/16,15.27,17.08,5.93,19.97,7.78
2017/5/17,15.21,16.97,5.91,19.91,8.11
2017/5/18,15.01,16.93,5.77,19.96,7.85
2017/5/19,15.02,16.94,5.81,20.66,7.76
2017/5/22,15.04,17.01,5.79,20.62,7.75
2017/5/23,15.43,16.43,5.6,20.39,7.06
2017/5/24,15.47,16.01,5.54,20.36,7.15
